"","EntryPublished","quarter","the_day","EntryTitle","region","keyword","dayweek","month","year","RSS","EntryContent"
"1","March 3, 2026 at 10:34AM",1,2026-03-03,"In Defense of Effeminate Gay Boys - The Atlantic","all regions","gender identity","Tuesday",3,2026,"14792114867614311782","“<b>Gender identity</b> and sexual orientation are two different things,” the Human Rights Campaign asserts. But the confidence with which people claim that&nbsp;..."
"2","March 3, 2026 at 10:39AM",1,2026-03-03,"In Defense of Effeminate Gay Boys - The Atlantic","all regions","biological sex","Tuesday",3,2026,"17630397442231169432","... <b>biological sex</b>. Daniela Valdes and Kinnon MacKinnon: Take detransitioners seriously. Activists attempt to impose social costs on people who voice&nbsp;..."
"3","March 3, 2026 at 08:04PM",1,2026-03-03,"In Defense of Effeminate Boys - The Atlantic","all regions","transgender","Tuesday",3,2026,"1916116072231156194","Someone added me to an online blacklist, so now when someone Googles me, one of the first hits is a page titled, “Ben Appel vs. <b>Transgender</b> People.”&nbsp;..."
"4","March 3, 2026 at 07:00AM",1,2026-03-03,"In Defense of Effeminate Gay Boys - The Atlantic","USA","gender identity","Tuesday",3,2026,"4028362110021709687","“<b>Gender identity</b> and sexual orientation are two different things,” the Human Rights Campaign asserts. But the confidence with which people claim that&nbsp;..."
"5","March 3, 2026 at 10:39AM",1,2026-03-03,"In Defense of Effeminate Boys - The Atlantic","USA","biological sex","Tuesday",3,2026,"16843718063138847601","... <b>biological sex</b>. Daniela Valdes and Kinnon MacKinnon: Take detransitioners seriously. Activists attempt to impose social costs on people who voice&nbsp;..."
"6","January 13, 2026 at 04:06PM",1,2026-01-13,"Texas Sends Plato Back to His Cave - The Atlantic","all regions","gender identity","Tuesday",1,2026,"14792114867614311782","... <b>gender identity</b>” without special approval. In his email response to his department chair, Inside Higher Ed reported, Peterson warned, “You are&nbsp;..."
"7","January 13, 2026 at 05:36PM",1,2026-01-13,"Texas Sends Plato Back to His Cave - The Atlantic","USA","gender identity","Tuesday",1,2026,"4028362110021709687","... <b>gender identity</b>” without special approval. In his email response to his department chair, Inside Higher Ed reported, Peterson warned, “You are&nbsp;..."
"8","January 13, 2026 at 04:06PM",1,2026-01-13,"Texas Sends Plato Back to His Cave - The Atlantic",NA,"gender ideology","Tuesday",1,2026,"8717893479030415655","Peterson and Plato fell victim to a policy adopted by the university in the fall, which states that classes cannot “advocate race or <b>gender ideology</b>,&nbsp;..."
"9","January 11, 2026 at 07:05AM",1,2026-01-11,"The Most Shouted-At Politician in America - The Atlantic","USA","gender identity","Sunday",1,2026,"4028362110021709687","... <b>gender identity</b>. After the incident went viral, it emerged that Black, under the name Grant Freeman, had previously pleaded guilty to assault&nbsp;..."
"10","November 07, 2025 at 08:05AM",4,2025-11-07,"A Conservative Case for Feminization - The Atlantic","all regions","biological sex","Friday",11,2025,"17630397442231169432","Like many conservatives, Sargeant takes <b>biological sex</b> differences as her starting point. She goes deep into debates over whether, when, and how&nbsp;..."
"11","November 07, 2025 at 09:35AM",4,2025-11-07,"A Conservative Rejoinder to the Manosphere - The Atlantic","USA","biological sex","Friday",11,2025,"16843718063138847601","Like many conservatives, Sargeant takes <b>biological sex</b> differences as her starting point. She goes deep into debates over whether, when, and how&nbsp;..."
"12","October 28, 2025 at 10:39PM",4,2025-10-28,"What Elon Musk's Version of Wikipedia Thinks About Hitler, Putin, and Apartheid - The Atlantic",NA,"gender ideology","Tuesday",10,2025,"8717893479030415655","First, the site uses just that term, theory, rather than conspiracy theory, as you would see on Wikipedia and elsewhere. Just a few sentences in,&nbsp;..."
"13","October 06, 2025 at 12:21PM",4,2025-10-06,"The Supreme Court Is Giving Liberals an Opportunity - The Atlantic","all regions","gender identity","Monday",10,2025,"14792114867614311782","... <b>gender identity</b>. In so doing, it recognized a constitutional right to opt out of specific classroom content that conflicts with one&#39;s religious&nbsp;..."
"14","October 06, 2025 at 10:51AM",4,2025-10-06,"Religious Accommodations Are Good for Liberalism - The Atlantic","USA","gender identity","Monday",10,2025,"4028362110021709687","... <b>gender identity</b>. In so doing, it recognized a constitutional right to opt out of specific classroom content that conflicts with one&#39;s religious&nbsp;..."
"15","October 04, 2025 at 11:05AM",4,2025-10-04,"A Deal That Would End Universities' Independence - The Atlantic","all regions","gender identity","Saturday",10,2025,"14792114867614311782","... <b>gender identity</b>, religious associations, or proxies for any of those factors.” One wonders whether the White House realizes that elite schools&nbsp;..."
"16","October 04, 2025 at 11:05AM",4,2025-10-04,"A Deal That Would End Universities' Independence - The Atlantic","USA","gender identity","Saturday",10,2025,"4028362110021709687","... <b>gender identity</b>, religious associations, or proxies for any of those factors.” One wonders whether the White House realizes that elite schools&nbsp;..."
"17","September 25, 2025 at 08:34AM",3,2025-09-25,"Testing Teachers for 'Wokeness' - The Atlantic",NA,"gender ideology","Thursday",9,2025,"8717893479030415655","Rosin: So if Walters thought that way about <b>gender</b>, how was he gonna handle sexuality? ... <b>ideology</b>. I&#39;m a parent. I&#39;m married to a same-<b>gender</b>&nbsp;..."
"18","September 24, 2025 at 09:48AM",3,2025-09-24,"The Gaza Left and the Gender Left - The Atlantic",NA,"gender ideology","Wednesday",9,2025,"8717893479030415655","A commenter who endorsed a “material analysis of sex” urged the new left-wing party not to “parrot the same neoliberal idea of <b>gender ideology</b>."
"19","September 22, 2025 at 03:50PM",3,2025-09-22,"The Atlantic's 2025 Report on Diversity & Inclusion","all regions","gender identity","Monday",9,2025,"14792114867614311782","... <b>gender identity</b>, socioeconomic status, and faith). Nevertheless, this data set provides the best measure of our progress to date. Find the PDF&nbsp;..."
"20","September 19, 2025 at 04:37AM",3,2025-09-19,"Why People Fell for an Outlandish Charlie Kirk Theory - The Atlantic","all regions","transgender","Friday",9,2025,"1916116072231156194","Robinson&#39;s romance with a trans person, and decision to kill Kirk just as he was speaking about <b>transgender</b> mass shooters, strongly suggests that&nbsp;..."
"21","September 11, 2025 at 03:35PM",3,2025-09-11,"Political Violence Could Devour Us All - The Atlantic",NA,"transgenderism","Thursday",9,2025,"15658552694435684511","Yesterday afternoon, at a Utah Valley University political event, hundreds of attendees watched the murder of 31-year-old Charlie Kirk,&nbsp;..."
"22","September 04, 2025 at 03:32PM",3,2025-09-04,"The Mass Shooters Are Performing for One Another - The Atlantic","USA","gender identity","Thursday",9,2025,"4028362110021709687","Some right-wing influencers and MAGA-friendly news outlets seized on the killer&#39;s <b>gender identity</b>, insinuating that the shooting had something to&nbsp;..."
"23","September 02, 2025 at 06:56PM",3,2025-09-02,"Graham Linehan's Arrest Demonstrates Europe's Free-Speech Problem - The Atlantic",NA,"gender ideology","Tuesday",9,2025,"8717893479030415655","... <b>gender ideology</b>.” He is obsessive and offensive. But is he a criminal ... gender should be the basis of law and policy, have extremists in&nbsp;..."
"24","August 19, 2025 at 12:08PM",3,2025-08-19,"The Two-Word Phrase Unleashing Chaos at the NIH - The Atlantic","all regions","gender identity","Tuesday",8,2025,"14792114867614311782","Since January, President Donald Trump&#39;s administration has been clear about its stance on systemic racism and <b>gender identity</b>: Those concepts&nbsp;..."
"25","August 19, 2025 at 12:08PM",3,2025-08-19,"The Two-Word Phrase Unleashing Chaos at the NIH - The Atlantic","USA","gender identity","Tuesday",8,2025,"4028362110021709687","Since January, President Donald Trump&#39;s administration has been clear about its stance on systemic racism and <b>gender identity</b>: Those concepts&nbsp;..."
"26","July 12, 2025 at 04:27PM",3,2025-07-12,"A Strange Time to Be Trans - The Atlantic","all regions","transgender","Saturday",7,2025,"1916116072231156194","The “<b>transgender</b> tipping point,” in the words of Time magazine, supposedly came in 2014, when trans adults living proudly public lives began&nbsp;..."
"27","July 12, 2025 at 01:26PM",3,2025-07-12,"A Strange Time to Be Trans - The Atlantic","USA","transgender","Saturday",7,2025,"11193014132467407489","The “<b>transgender</b> tipping point,” in the words of Time magazine, supposedly came in 2014, when trans adults living proudly public lives began&nbsp;..."
"28","June 29, 2025 at 10:07AM",2,2025-06-29,"The Liberal Misinformation Bubble About Youth Gender Medicine - The Atlantic","all regions","gender identity","Sunday",6,2025,"14792114867614311782","Read: The Democrats need an honest conversation on <b>gender identity</b>. Even then, his admission did not register with the liberal justices. When the&nbsp;..."
"29","June 29, 2025 at 11:58AM",2,2025-06-29,"The Liberal Misinformation Bubble About Youth Gender Medicine - The Atlantic","all regions","transgender","Sunday",6,2025,"1916116072231156194","... <b>transgender</b> health care.” This is not how evidence-based medicine is supposed to work. You don&#39;t start with a treatment and then ensure that only&nbsp;..."
"30","June 29, 2025 at 11:37AM",2,2025-06-29,"The Liberal Misinformation Bubble About Youth Gender Medicine - The Atlantic","USA","transgender","Sunday",6,2025,"11193014132467407489","... <b>transgender</b> health care.” This is not how evidence-based medicine is supposed to work. You don&#39;t start with a treatment and then ensure that only&nbsp;..."
"31","June 29, 2025 at 10:07AM",2,2025-06-29,"The Liberal Misinformation Bubble About Youth Gender Medicine - The Atlantic","USA","gender identity","Sunday",6,2025,"4028362110021709687","Read: The Democrats need an honest conversation on <b>gender identity</b>. Even then, his admission did not register with the liberal justices. When the&nbsp;..."
"32","June 25, 2025 at 09:18AM",2,2025-06-25,"A Military Ethics Professor Resigns in Protest - The Atlantic",NA,"gender ideology","Wednesday",6,2025,"8717893479030415655","... <b>gender ideology</b>,” “race or sex stereotyping,” and, of course, anything to do with DEI. Given the potential breadth of the order, the military&nbsp;..."
"33","June 24, 2025 at 07:03AM",2,2025-06-24,"The Archaic Sex-Discrimination Case the Supreme Court Is Reviving - The Atlantic","all regions","gender identity","Tuesday",6,2025,"14792114867614311782","... <b>gender identity</b>). But the consequences will be indirect as well, and reach beyond the realm of transgender rights—potentially representing a&nbsp;..."
"34","June 24, 2025 at 11:33AM",2,2025-06-24,"The Archaic Sex-Discrimination Case the Supreme Court Is Reviving - The Atlantic","all regions","transgender","Tuesday",6,2025,"1916116072231156194","The Court&#39;s logic went as follows: Although the law restricts access to hormones and puberty blockers to treat gender dysphoria, both <b>transgender</b> and&nbsp;..."
"35","June 24, 2025 at 08:33AM",2,2025-06-24,"The Archaic Sex-Discrimination Case the Supreme Court Is Reviving - The Atlantic","USA","gender identity","Tuesday",6,2025,"4028362110021709687","... <b>gender identity</b>). But the consequences will be indirect as well, and reach beyond the realm of transgender rights—potentially representing a&nbsp;..."
"36","June 24, 2025 at 09:28AM",2,2025-06-24,"The Archaic Sex-Discrimination Case the Supreme Court Is Reviving - The Atlantic","USA","transgender","Tuesday",6,2025,"11193014132467407489","The Court&#39;s logic went as follows: Although the law restricts access to hormones and puberty blockers to treat gender dysphoria, both <b>transgender</b> and&nbsp;..."
"37","June 09, 2025 at 09:32AM",2,2025-06-09,"The Trump Administration's Nasty Campaign Against Trans People - The Atlantic","all regions","gender identity","Monday",6,2025,"14792114867614311782","The “adoption of a <b>gender identity</b> inconsistent with an ... Under Biden, the left went too far into bad and unpopular <b>gender-identity</b> policies."
"38","June 09, 2025 at 10:16AM",2,2025-06-09,"The Trump Administration's Nasty Campaign Against Trans People - The Atlantic","all regions","transgender","Monday",6,2025,"1916116072231156194","Last year, Donald Trump&#39;s presidential campaign notoriously made <b>transgender</b> issues a centerpiece of its charge that Democrats were out of touch&nbsp;..."
"39","June 09, 2025 at 09:32AM",2,2025-06-09,"The Trump Administration's Nasty Campaign Against Trans People - The Atlantic","USA","gender identity","Monday",6,2025,"4028362110021709687","The “adoption of a <b>gender identity</b> inconsistent with an ... Under Biden, the left went too far into bad and unpopular <b>gender-identity</b> policies."
"40","June 09, 2025 at 11:02AM",2,2025-06-09,"The Trump Administration's Nasty Campaign Against Trans People - The Atlantic","USA","transgender","Monday",6,2025,"11193014132467407489","Last year, Donald Trump&#39;s presidential campaign notoriously made <b>transgender</b> issues a centerpiece of its charge that Democrats were out of touch&nbsp;..."
"41","May 08, 2025 at 01:27PM",2,2025-05-08,"The Papacy Is No Ordinary Succession - The Atlantic","USA","biological sex","Thursday",5,2025,"16843718063138847601","How many Democrats today would both oppose abortion and defend a gender binary based on <b>biological sex</b>, as Francis did? How many Republicans would&nbsp;..."
"42","April 18, 2025 at 02:56PM",2,2025-04-18,"Britain Rules on What a Woman Is - The Atlantic","USA","biological sex","Friday",4,2025,"16843718063138847601","But in some situations covered by the Equality Act, individuals&#39; <b>biological sex</b> ... <b>biological sex</b>? Are lesbian dating meetups allowed to exclude trans&nbsp;..."
"43","April 18, 2025 at 03:36PM",2,2025-04-18,"Britain Rules on What a Woman Is - The Atlantic","USA","gender identity","Friday",4,2025,"4028362110021709687","The research on <b>gender identity</b> and criminality is limited, but the most relevant study found that trans women followed a pattern more typical of&nbsp;..."
"44","April 18, 2025 at 02:56PM",2,2025-04-18,"Britain Rules on What a Woman Is - The Atlantic","all regions","biological sex","Friday",4,2025,"17630397442231169432","But in some situations covered by the Equality Act, individuals&#39; <b>biological sex</b> ... <b>biological sex</b>? Are lesbian dating meetups allowed to exclude trans&nbsp;..."
"45","April 18, 2025 at 02:56PM",2,2025-04-18,"Britain Rules on What a Woman Is - The Atlantic","all regions","gender identity","Friday",4,2025,"14792114867614311782","The research on <b>gender identity</b> and criminality is limited, but the most relevant study found that trans women followed a pattern more typical of&nbsp;..."
"46","April 11, 2025 at 11:29AM",2,2025-04-11,"Can I Still Teach My Yale Course on Racism? - The Atlantic",NA,"gender ideology","Friday",4,2025,"8717893479030415655","... <b>gender ideology</b>” while requiring state education officials at public ... Some conservatives point to Joe Biden&#39;s Title IX rules regarding transgender&nbsp;..."
"47","April 01, 2025 at 10:19AM",2,2025-04-01,"The Top Goal of Project 2025 Is Still to Come - The Atlantic","USA","biological sex","Tuesday",4,2025,"16843718063138847601","“In the past, the word &#39;gender&#39; was a polite alternative to the word &#39;sex&#39; or term &#39;<b>biological sex</b>,&#39;” Primorac writes. “The Left has commandeered&nbsp;..."
"48","April 01, 2025 at 10:19AM",2,2025-04-01,"The Top Goal of Project 2025 Is Still to Come - The Atlantic","all regions","biological sex","Tuesday",4,2025,"17630397442231169432","“In the past, the word &#39;gender&#39; was a polite alternative to the word &#39;sex&#39; or term &#39;<b>biological sex</b>,&#39;” Primorac writes. “The Left has commandeered&nbsp;..."
"49","March 24, 2025 at 09:04AM",1,2025-03-24,"How the Closet Really Works - The Atlantic","USA","transgender","Monday",3,2025,"11193014132467407489","... <b>transgender</b>. Abigail has seen this vanishing act referred to as “woodworking” on the internet—picking up stakes, passing for cis, and fading into&nbsp;..."
"50","March 24, 2025 at 09:04AM",1,2025-03-24,"How the Closet Really Works - The Atlantic","all regions","transgender","Monday",3,2025,"1916116072231156194","... <b>transgender</b>. Abigail has seen this vanishing act referred to as “woodworking” on the internet—picking up stakes, passing for cis, and fading into&nbsp;..."
"51","March 18, 2025 at 10:37AM",1,2025-03-18,"The Life of the Mind Can Only Get You So Far - The Atlantic",NA,"gender ideology","Tuesday",3,2025,"8717893479030415655","The novel begins in 1986, when the narrator has just moved from Sydney to Melbourne to write a thesis about <b>gender roles</b> in the late novels of her&nbsp;..."
"52","March 06, 2025 at 07:45AM",1,2025-03-06,"The 'Reality Check' in Hunter Schafer's Viral Passport Video - The Atlantic","USA","biological sex","Thursday",3,2025,"16843718063138847601","... <b>biological sex</b>, not gender identity. (Schafer, who is 26 years old and has used the female gender marker since her teens, explained that she had&nbsp;..."
"53","March 06, 2025 at 08:40AM",1,2025-03-06,"When a Celebrity Offers a 'Harsh Reality Check' - The Atlantic","all regions","biological sex","Thursday",3,2025,"17630397442231169432","... <b>biological sex</b>, not gender identity. (Schafer, who is 26 years old and has used the female gender marker since her teens, explained that she had&nbsp;..."
"54","February 14, 2025 at 02:15PM",1,2025-02-14,"The Erasing of American Science - The Atlantic",NA,"gender ideology","Friday",2,2025,"8717893479030415655","The terms the Trump administration has flagged as “<b>gender ideology</b>”—a list that includes pregnant people, transgender, binary, non-binary, assigned at&nbsp;..."
"55","January 29, 2025 at 09:45AM",1,2025-01-29,"The Attack on Trans Rights Won't End There - The Atlantic","all regions","biological sex","Wednesday",1,2025,"17630397442231169432","One transgender congressional representative was enough for Republicans to demand that all of the Capitol&#39;s bathrooms be restricted by “<b>biological sex</b>&nbsp;..."
"56","January 29, 2025 at 09:45AM",1,2025-01-29,"The Attack on Trans Rights Won't End There - The Atlantic","USA","biological sex","Wednesday",1,2025,"16843718063138847601","One transgender congressional representative was enough for Republicans to demand that all of the Capitol&#39;s bathrooms be restricted by “<b>biological sex</b>&nbsp;..."
"57","January 29, 2025 at 09:45AM",1,2025-01-29,"The Attack on Trans Rights Won't End There - The Atlantic","USA","gender identity","Wednesday",1,2025,"4028362110021709687","On Monday, Trump issued an executive order purging trans service members from the military on the grounds that “expressing a false &#39;<b>gender identity</b>&nbsp;..."
"58","December 30, 2024 at 06:06AM",4,2024-12-30,"What the Left Refused to Understand About Women's Sports - The Atlantic","USA","biological sex","Monday",12,2024,"16843718063138847601","But in recent years, lawyers have argued over what the law means—does sex cover only <b>biological sex</b>, or gender identity and sexual orientation?"
"59","December 30, 2024 at 06:06AM",4,2024-12-30,"What the Left Refused to Understand About Women's Sports - The Atlantic","USA","transgender","Monday",12,2024,"11193014132467407489","The story of <b>transgender</b> women competing in female sports is frequently told as one of inclusion—creating opportunities for people to compete as their&nbsp;..."
"60","December 30, 2024 at 07:36AM",4,2024-12-30,"What the Left Refused to Understand About Women's Sports - The Atlantic","USA","gender identity","Monday",12,2024,"4028362110021709687","On Joe Biden&#39;s first day in office as president, he issued an executive order opposing discrimination on the basis of <b>gender identity</b>. Its&nbsp;..."
"61","December 30, 2024 at 06:06AM",4,2024-12-30,"What the Left Refused to Understand About Women's Sports - The Atlantic","all regions","biological sex","Monday",12,2024,"17630397442231169432","But in recent years, lawyers have argued over what the law means—does sex cover only <b>biological sex</b>, or gender identity and sexual orientation?"
"62","December 30, 2024 at 06:12AM",4,2024-12-30,"What the Left Refused to Understand About Women's Sports - The Atlantic","all regions","gender identity","Monday",12,2024,"14792114867614311782","On Joe Biden&#39;s first day in office as president, he issued an executive order opposing discrimination on the basis of <b>gender identity</b>. Its&nbsp;..."
"63","December 30, 2024 at 06:12AM",4,2024-12-30,"What the Left Refused to Understand About Women's Sports - The Atlantic","all regions","transgender","Monday",12,2024,"1916116072231156194","The story of <b>transgender</b> women competing in female sports is frequently told as one of inclusion—creating opportunities for people to compete as their&nbsp;..."
"64","December 24, 2024 at 09:06AM",4,2024-12-24,"Are Young Men Really Becoming More Sexist? - The Atlantic",NA,"gender ideology","Tuesday",12,2024,"8717893479030415655","Could the Gen Z political <b>gender</b> gap be an international phenomenon? Today&#39;s episode of Good on Paper is with Dr. Alice Evans, a senior lecturer at&nbsp;..."
"65","December 04, 2024 at 09:38AM",4,2024-12-04,"The Case Against Despair in Trump's Second Term - The Atlantic","USA","biological sex","Wednesday",12,2024,"16843718063138847601","But many civil libertarians want sports to be segregated by <b>biological sex</b>, and don&#39;t see that as a rights violation. They don&#39;t understand it as&nbsp;..."
"66","November 11, 2024 at 12:52PM",4,2024-11-11,"The Democrats' Senate Nightmare Is Only Beginning - The Atlantic","all regions","gender identity","Monday",11,2024,"14792114867614311782","The Democrats Need an Honest Conversation on <b>Gender Identity</b>. The party went into an election with policies it couldn&#39;t defend—or even explain&nbsp;..."
"67","November 10, 2024 at 09:06AM",4,2024-11-10,"The Democrats Need an Honest Conversation on Gender Identity - The Atlantic","USA","transgender","Sunday",11,2024,"11193014132467407489","The party went into an election with policies it couldn&#39;t defend—or even explain."
"68","November 10, 2024 at 09:06AM",4,2024-11-10,"The Democrats Need an Honest Conversation on Gender Identity - The Atlantic","USA","gender identity","Sunday",11,2024,"4028362110021709687","One of the mysteries of this election is how the Democrats approached polling day with a set of policies on <b>gender identity</b> that they were neither&nbsp;..."
"69","November 10, 2024 at 09:06AM",4,2024-11-10,"The Democrats Need an Honest Conversation on Gender Identity - The Atlantic","USA","biological sex","Sunday",11,2024,"16843718063138847601","But most voters think that <b>biological sex</b> is real, and that it matters in law and policy. Instructing them to believe otherwise, and not to ask&nbsp;..."
"70","November 10, 2024 at 01:25PM",4,2024-11-10,"Will Trump Change How We Talk? 'SNL' Thinks So - The Atlantic","USA","gender identity","Sunday",11,2024,"4028362110021709687","The Democrats Need an Honest Conversation on <b>Gender Identity</b> &middot; Helen Lewis &middot; A “Vote Kamala” advertisement hangs defaced with “Trump” graffiti near a&nbsp;..."
"71","November 10, 2024 at 09:06AM",4,2024-11-10,"The Democrats Need an Honest Conversation on Gender Identity - The Atlantic","all regions","biological sex","Sunday",11,2024,"17630397442231169432","But most voters think that <b>biological sex</b> is real, and that it matters in law and policy. Instructing them to believe otherwise, and not to ask&nbsp;..."
"72","November 10, 2024 at 09:06AM",4,2024-11-10,"The Democrats Need an Honest Conversation on Gender Identity - The Atlantic","all regions","gender identity","Sunday",11,2024,"14792114867614311782","One of the mysteries of this election is how the Democrats approached polling day with a set of policies on <b>gender identity</b> that they were neither&nbsp;..."
"73","November 10, 2024 at 09:06AM",4,2024-11-10,"The Democrats Need an Honest Conversation on Gender Identity - The Atlantic","all regions","transgender","Sunday",11,2024,"1916116072231156194","... <b>transgender</b> women to compete in women&#39;s sports—which is why Donald Trump kept bringing up the issue. His campaign also barraged swing-state voters&nbsp;..."
"74","November 10, 2024 at 01:25PM",4,2024-11-10,"Will Trump Change How We Talk? 'SNL' Thinks So - The Atlantic","all regions","gender identity","Sunday",11,2024,"14792114867614311782","The Democrats Need an Honest Conversation on <b>Gender Identity</b> &middot; Helen Lewis &middot; A “Vote Kamala” advertisement hangs defaced with “Trump” graffiti near a&nbsp;..."
"75","November 08, 2024 at 06:39AM",4,2024-11-08,"What the Left Keeps Getting Wrong - The Atlantic","USA","gender identity","Friday",11,2024,"4028362110021709687","... <b>Gender Identity</b> or Sexual Orientation.” The order said that “children should be able to learn without worrying about whether they will be denied&nbsp;..."
"76","November 08, 2024 at 12:40PM",4,2024-11-08,"What the Left Keeps Getting Wrong - The Atlantic","all regions","gender identity","Friday",11,2024,"14792114867614311782","... <b>Gender Identity</b> or Sexual Orientation.” The order said that “children should be able to learn without worrying about whether they will be denied&nbsp;..."
"77","October 24, 2024 at 03:08AM",4,2024-10-24,"The Positions That the Democrats Won't Defend - The Atlantic","USA","gender identity","Thursday",10,2024,"4028362110021709687","The LGBTQ publication The Advocate wrote this up as him having “embraced far-right language around <b>gender identity</b>.” Read: The improbable&nbsp;..."
"78","October 24, 2024 at 06:09AM",4,2024-10-24,"The Positions That the Democrats Won't Defend - The Atlantic","all regions","gender identity","Thursday",10,2024,"14792114867614311782","The LGBTQ publication The Advocate wrote this up as him having “embraced far-right language around <b>gender identity</b>.” Read: The improbable&nbsp;..."
"79","October 24, 2024 at 03:08AM",4,2024-10-24,"The Positions That the Democrats Won't Defend - The Atlantic",NA,"gender ideology","Thursday",10,2024,"8717893479030415655","In trans-rights controversies, conservatives see proof that the left is promoting its own values by fiat."
"80","September 25, 2024 at 03:42PM",3,2024-09-25,"The Atlantic's 2024 Report on Diversity and Inclusion","USA","gender identity","Wednesday",9,2024,"4028362110021709687","We are mindful that the data in this report do not include every measure of identity (e.g., sexual orientation, <b>gender identity</b>, socioeconomic status,&nbsp;..."
"81","September 03, 2024 at 02:42PM",3,2024-09-03,"Donald Trump Claims Schools Offer Sex-Change Surgeries - The Atlantic","USA","biological sex","Tuesday",9,2024,"16843718063138847601","In several Republican-controlled states, school boards have implemented rules that restrict the labeling and use of bathrooms to <b>biological sex</b>&nbsp;..."
"82","September 03, 2024 at 04:06PM",3,2024-09-03,"Donald Trump Claims Schools Offer Sex-Change Surgeries - The Atlantic","USA","transgender","Tuesday",9,2024,"11193014132467407489","The former president&#39;s claim that public schools are providing sex-change operations is wrong—and dangerous."
"83","September 03, 2024 at 10:26PM",3,2024-09-03,"Donald Trump Claims Schools Offer Sex-Change Surgeries - The Atlantic","USA","gender identity","Tuesday",9,2024,"4028362110021709687","... <b>gender identity</b>, and allow students to dress in accordance with that identity. Republican attorneys general and advocacy groups such as Moms for&nbsp;..."
"84","September 03, 2024 at 02:43PM",3,2024-09-03,"Donald Trump Claims Schools Offer Sex-Change Surgeries - The Atlantic","all regions","biological sex","Tuesday",9,2024,"17630397442231169432","In several Republican-controlled states, school boards have implemented rules that restrict the labeling and use of bathrooms to <b>biological sex</b>&nbsp;..."
"85","September 03, 2024 at 04:06PM",3,2024-09-03,"Donald Trump Claims Schools Offer Sex-Change Surgeries - The Atlantic","all regions","transgender","Tuesday",9,2024,"1916116072231156194","Donald Trump&#39;s Incredible &#39;<b>Transgender</b> Thing&#39;. The former president&#39;s claim that public schools are providing sex-change operations is wrong—and&nbsp;..."
"86","August 12, 2024 at 07:35AM",3,2024-08-12,"How the Gay-Rights Movement Lost Its Way - The Atlantic","USA","transgender","Monday",8,2024,"11193014132467407489","When Sarah Kate Ellis was named president of GLAAD more than a decade ago, the LGBTQ advocacy organization was in dire financial straits."
"87","April 13, 2024 at 12:38AM",2,2024-04-13,"Britain Is Leaving the U.S. Gender-Medicine Debate Behind - The Atlantic","all regions","gender identity","Saturday",4,2024,"14792114867614311782","In Britain, multiple clinicians working at the <b>Gender Identity</b> and Development Service (GIDS) at the Tavistock and Portman Trust, the central&nbsp;..."
"88","April 12, 2024 at 09:37PM",2,2024-04-12,"Britain Is Leaving the U.S. Gender-Medicine Debate Behind - The Atlantic","USA","gender identity","Friday",4,2024,"4028362110021709687","In Britain, multiple clinicians working at the <b>Gender Identity</b> and Development Service (GIDS) at the Tavistock and Portman Trust, the central&nbsp;..."
"89","March 31, 2024 at 07:16AM",1,2024-03-31,"Utah's Promising New Anti-DEI Law - The Atlantic","USA","gender identity","Sunday",3,2024,"4028362110021709687","... <b>gender identity</b>. It forbids offices that help students from excluding anyone based on their identity. It bans mandatory campus training sessions&nbsp;..."
"90","March 31, 2024 at 10:14AM",1,2024-03-31,"Utah's Promising New Anti-DEI Law - The Atlantic","all regions","gender identity","Sunday",3,2024,"14792114867614311782","... <b>gender identity</b>. It forbids offices that help students from excluding anyone based on their identity. It bans mandatory campus training sessions&nbsp;..."
"91","March 25, 2024 at 09:38AM",1,2024-03-25,"The Phantasms of Judith Butler - The Atlantic","USA","biological sex","Monday",3,2024,"16843718063138847601","Butler&#39;s breakout 1990 book, Gender Trouble, argued that <b>biological sex</b>, like gender, is socially constructed, with its physical manifestations&nbsp;..."
"92","March 25, 2024 at 09:38AM",1,2024-03-25,"The Phantasms of Judith Butler - The Atlantic","all regions","biological sex","Monday",3,2024,"17630397442231169432","Butler&#39;s breakout 1990 book, Gender Trouble, argued that <b>biological sex</b>, like gender, is socially constructed, with its physical manifestations&nbsp;..."
"93","March 19, 2024 at 10:16AM",1,2024-03-19,"The Worst Argument for Youth Transition - The Atlantic","USA","gender identity","Tuesday",3,2024,"4028362110021709687","Treating gender dysphoria as a clinical diagnosis with a medical solution, Chu argues, has “hung trans rights on the thin peg of <b>gender identity</b>&nbsp;..."
"94","March 19, 2024 at 10:06PM",1,2024-03-19,"The Worst Argument for Youth Transition - The Atlantic","USA","transgender","Tuesday",3,2024,"11193014132467407489","The point of a public intellectual is to make wild arguments with maximum conviction. And in this respect, Andrea Long Chu—<b>transgender</b> woman,&nbsp;..."
"95","March 19, 2024 at 10:16AM",1,2024-03-19,"The Worst Argument for Youth Transition - The Atlantic","all regions","gender identity","Tuesday",3,2024,"14792114867614311782","Treating gender dysphoria as a clinical diagnosis with a medical solution, Chu argues, has “hung trans rights on the thin peg of <b>gender identity</b>&nbsp;..."
"96","March 19, 2024 at 07:05PM",1,2024-03-19,"The Worst Argument for Youth Transition - The Atlantic",NA,"gender ideology","Tuesday",3,2024,"8717893479030415655","Treating <b>gender</b> dysphoria as a clinical diagnosis with a medical solution, Chu argues, has “hung trans rights on the thin peg of <b>gender</b> identity”—the&nbsp;..."
"97","March 12, 2024 at 10:37AM",1,2024-03-12,"Are Gen Z Men and Women Really Drifting Apart? - The Atlantic",NA,"gender ideology","Tuesday",3,2024,"8717893479030415655","Many of the polls that show a widening <b>gender</b> divide ask about <b>ideology</b>. But research shows that many people don&#39;t have a clear idea of what the&nbsp;..."
"98","March 12, 2024 at 07:08AM",1,2024-03-12,"The Myth of the Gen Z Gender Divide - The Atlantic",NA,"gender ideology","Tuesday",3,2024,"8717893479030415655","Burn-Murdoch&#39;s analysis featured several eye-popping graphs that appeared to show a huge <b>ideological</b> rift opening up between young men and young women&nbsp;..."
"99","February 11, 2024 at 06:26PM",1,2024-02-11,"Does everything need a live-action remake? - The Atlantic","USA","gender identity","Sunday",2,2024,"4028362110021709687","I Heard Her Call My Name, by Lucy Sante, a memoir about coming to terms with <b>gender identity</b> and navigating a journey of transition (out Tuesday)&nbsp;..."
"100","January 31, 2024 at 10:35AM",1,2024-01-31,"A Rainbow Coalition of Haters - The Atlantic",NA,"gender ideology","Wednesday",1,2024,"8717893479030415655","One can hold traditional beliefs about <b>gender</b> for religious or <b>ideological</b> reasons and still acknowledge or support the rights of those who do not."
"101","December 07, 2023 at 10:34AM",4,2023-12-07,"Trump's Plan to Police Gender - The Atlantic","all regions","gender identity","Thursday",12,2023,"14792114867614311782","Then, while in office, he oversaw a broad rollback of LGBTQ protections, removing <b>gender identity</b> and sexuality from federal nondiscrimination&nbsp;..."
"102","December 07, 2023 at 10:34AM",4,2023-12-07,"Trump's Plan to Police Gender - The Atlantic","USA","gender identity","Thursday",12,2023,"4028362110021709687","Then, while in office, he oversaw a broad rollback of LGBTQ protections, removing <b>gender identity</b> and sexuality from federal nondiscrimination&nbsp;..."
"103","October 23, 2023 at 04:21PM",4,2023-10-23,"The Atlantic's 2023 Report on Diversity & Inclusion","USA","gender identity","Monday",10,2023,"4028362110021709687","We are mindful that the data in this report do not include every measure of identity (e.g., sexual orientation, <b>gender identity</b>, socioeconomic status,&nbsp;..."
"104","October 23, 2023 at 04:21PM",4,2023-10-23,"The Atlantic's 2023 Report on Diversity & Inclusion","all regions","gender identity","Monday",10,2023,"14792114867614311782","We are mindful that the data in this report do not include every measure of identity (e.g., sexual orientation, <b>gender identity</b>, socioeconomic status,&nbsp;..."
"105","September 26, 2023 at 09:07AM",3,2023-09-26,"Where the New Identity Politics Went Wrong - The Atlantic",NA,"gender ideology","Tuesday",9,2023,"8717893479030415655","Don&#39;t let right-wing culture warriors obscure the fact that some ideas behind this progressive <b>ideology</b> have genuine problems ... <b>gender</b>, and sexual&nbsp;..."
"106","September 11, 2023 at 08:36AM",3,2023-09-11,"Red States Are Rolling Back the Rights Revolution - The Atlantic","all regions","transgender","Monday",9,2023,"1916116072231156194","Of all the issues affecting <b>transgender</b> people, litigation against the statutes passed in 22 Republican-controlled states barring gender-affirming&nbsp;..."
"107","September 10, 2023 at 11:33AM",3,2023-09-10,"Red States Are Rolling Back the Rights Revolution - The Atlantic","USA","transgender","Sunday",9,2023,"11193014132467407489","Two federal circuit courts have also blocked the enforcement of laws in Idaho and West Virginia barring <b>transgender</b> girls from participating on female&nbsp;..."
"108","August 25, 2023 at 09:41PM",3,2023-08-25,"The 2024 U.S. Presidential Race: A Cheat Sheet - The Atlantic",NA,"gender ideology","Friday",8,2023,"8717893479030415655","“Faith, patriotism, and hard work have disappeared, only to be replaced by new secular religions like COVIDism, climatism, and <b>gender ideology</b>.”."
"109","August 08, 2023 at 07:37AM",3,2023-08-08,"The British Left Makes a Sharp Turn on Gender - The Atlantic","USA","biological sex","Tuesday",8,2023,"16843718063138847601","... of an embattled transgender minority, accept the importance of <b>biological sex</b> to public policy, and look for political and social compromises."
"110","August 08, 2023 at 07:37AM",3,2023-08-08,"The British Left Makes a Sharp Turn on Gender - The Atlantic","all regions","biological sex","Tuesday",8,2023,"17630397442231169432","... of an embattled transgender minority, accept the importance of <b>biological sex</b> to public policy, and look for political and social compromises."
"111","June 21, 2023 at 11:27AM",2,2023-06-21,"The Gaps Between Media and Reality - The Atlantic","all regions","biological sex","Wednesday",6,2023,"17630397442231169432","... individuals whose identities conflict with their <b>biological sex</b>. ... who seemed to identify as a different gender than their <b>biological sex</b>."
"112","June 21, 2023 at 11:27AM",2,2023-06-21,"The Gaps Between Media and Reality - The Atlantic","USA","biological sex","Wednesday",6,2023,"16843718063138847601","... individuals whose identities conflict with their <b>biological sex</b>. ... who seemed to identify as a different gender than their <b>biological sex</b>."
"113","May 19, 2023 at 04:06AM",2,2023-05-19,"The Problem With State Bans on Gender Care - The Atlantic",NA,"gender ideology","Friday",5,2023,"8717893479030415655","The Problem With State Bans on <b>Gender</b> Care ... picture of what happens in the treatment room when therapists make <b>ideology</b> central to their work:."
"114","May 19, 2023 at 04:40PM",2,2023-05-19,"How the Right and the Left Switched Sides on Big Business - The Atlantic",NA,"gender ideology","Friday",5,2023,"8717893479030415655","... were friendlier to corporations than their ideological opponents, and that the ... virtually overnight, because it endorsed <b>gender ideology</b>."
"115","May 15, 2023 at 12:20PM",2,2023-05-15,"Vivek Ramaswamy, Primary Entrepreneur - The Atlantic",NA,"gender ideology","Monday",5,2023,"8717893479030415655","... he explained, and people are turning toward “racial wokeism” and “radical <b>gender ideology</b>” to fill the emptiness inside."
"116","May 08, 2023 at 08:22AM",2,2023-05-08,"Why Biden's New School-Sports Rule Matters - The Atlantic","all regions","biological sex","Monday",5,2023,"17630397442231169432","The policy represents the first time the administration has acknowledged that <b>biological sex</b>—our physical forms as male or female, depending on&nbsp;..."
"117","May 08, 2023 at 08:22AM",2,2023-05-08,"Why Biden's New School-Sports Rule Matters - The Atlantic","all regions","transgender","Monday",5,2023,"1916116072231156194","The administration&#39;s nuanced position on <b>transgender</b> athletes offers a path forward on a complex issue."
"118","May 08, 2023 at 08:22AM",2,2023-05-08,"Why Biden's New School-Sports Rule Matters - The Atlantic","all regions","gender identity","Monday",5,2023,"14792114867614311782","... women and girls—perhaps most famously the swimmer Lia Thomas—are pushing to be included in sports programs that match their <b>gender identity</b>."
"119","May 08, 2023 at 05:15PM",2,2023-05-08,"Another Side of the Gender Debate - The Atlantic","all regions","biological sex","Monday",5,2023,"17630397442231169432","However, “<b>biological sex</b>” is not nearly as binary as people believe it to be. Many trans people have been treated medically for a long time and&nbsp;..."
"120","May 08, 2023 at 05:15PM",2,2023-05-08,"Another Side of the Gender Debate - The Atlantic","all regions","gender identity","Monday",5,2023,"14792114867614311782","In reality, we can let most of this be and let children be themselves without the need to help crystallize a specific <b>gender identity</b>."
"121","May 08, 2023 at 08:22AM",2,2023-05-08,"Why Biden's New School-Sports Rule Matters - The Atlantic","USA","transgender","Monday",5,2023,"11193014132467407489","The administration&#39;s nuanced position on <b>transgender</b> athletes offers a path forward on a complex issue."
"122","May 08, 2023 at 08:22AM",2,2023-05-08,"Why Biden's New School-Sports Rule Matters - The Atlantic","USA","gender identity","Monday",5,2023,"4028362110021709687","... women and girls—perhaps most famously the swimmer Lia Thomas—are pushing to be included in sports programs that match their <b>gender identity</b>."
"123","May 08, 2023 at 08:58AM",2,2023-05-08,"Why Biden's New School-Sports Rule Matters - The Atlantic","USA","biological sex","Monday",5,2023,"16843718063138847601","The policy represents the first time the administration has acknowledged that <b>biological sex</b>—our physical forms as male or female, depending on&nbsp;..."
"124","May 08, 2023 at 04:59PM",2,2023-05-08,"Another Side of the Gender Debate - The Atlantic","USA","biological sex","Monday",5,2023,"16843718063138847601","However, “<b>biological sex</b>” is not nearly as binary as people believe it to be. Many trans people have been treated medically for a long time and&nbsp;..."
"125","May 08, 2023 at 05:15PM",2,2023-05-08,"Another Side of the Gender Debate - The Atlantic","USA","gender identity","Monday",5,2023,"4028362110021709687","In reality, we can let most of this be and let children be themselves without the need to help crystallize a specific <b>gender identity</b>."
"126","May 08, 2023 at 04:59PM",2,2023-05-08,"Another Side of the Gender Debate - The Atlantic",NA,"gender ideology","Monday",5,2023,"8717893479030415655","Having studied <b>ideological</b> movements back in graduate school, I believe that the current trans movement is a decentralized extremist <b>ideology</b>. The&nbsp;..."
"127","May 08, 2023 at 05:15PM",2,2023-05-08,"Another Side of the Gender Debate - The Atlantic",NA,"transgenderism","Monday",5,2023,"15658552694435684511","<b>Transgenderism</b> is not a political statement but a complicated issue that can destroy someone&#39;s life if handled badly. Grasp the reality, and theory&nbsp;..."
"128","May 01, 2023 at 04:40PM",2,2023-05-01,"What Readers Really Think About Gender - The Atlantic","all regions","biological sex","Monday",5,2023,"17630397442231169432","... to “make” their kid conform their gender to their <b>biological sex</b>, that we are just rushing headlong into embracing our child&#39;s trans identity."
"129","May 01, 2023 at 04:40PM",2,2023-05-01,"What Readers Really Think About Gender - The Atlantic","all regions","gender identity","Monday",5,2023,"14792114867614311782","My wife and I finally came to terms with our son&#39;s <b>gender identity</b> three years ago when he was seven-and-a-half. Our son was getting increasingly&nbsp;..."
"130","May 01, 2023 at 04:06PM",2,2023-05-01,"What Readers Really Think About Gender - The Atlantic","USA","biological sex","Monday",5,2023,"16843718063138847601","... to “make” their kid conform their gender to their <b>biological sex</b>, that we are just rushing headlong into embracing our child&#39;s trans identity."
"131","May 01, 2023 at 04:40PM",2,2023-05-01,"What Readers Really Think About Gender - The Atlantic","USA","gender identity","Monday",5,2023,"4028362110021709687","My wife and I finally came to terms with our son&#39;s <b>gender identity</b> three years ago when he was seven-and-a-half. Our son was getting increasingly&nbsp;..."
"132","April 30, 2023 at 07:43AM",2,2023-04-30,"Ron DeSantis's Vision of Freedom Is Unconstitutional - The Atlantic","USA","gender identity","Sunday",4,2023,"4028362110021709687","... public schools from engaging in any classroom discussion or instruction about sexual orientation or <b>gender identity</b> prior to fourth grade."
"133","April 30, 2023 at 11:04AM",2,2023-04-30,"Ron DeSantis's Vision of Freedom Is Unconstitutional - The Atlantic","all regions","gender identity","Sunday",4,2023,"14792114867614311782","... the law forbids public schools from engaging in any classroom discussion or instruction about sexual orientation or <b>gender identity</b> prior to&nbsp;..."
"134","April 21, 2023 at 05:28PM",2,2023-04-21,"How the Gender Debate Veered Off Track - The Atlantic","USA","gender identity","Friday",4,2023,"4028362110021709687","... issue related to <b>gender identity</b>, transgender rights, gender medicine, ... like “How ought we to understand sex, gender, and <b>gender identity</b>?"
"135","April 21, 2023 at 05:28PM",2,2023-04-21,"How the Gender Debate Veered Off Track - The Atlantic","all regions","gender identity","Friday",4,2023,"14792114867614311782","... issue related to <b>gender identity</b>, transgender rights, gender medicine, ... like “How ought we to understand sex, gender, and <b>gender identity</b>?"
"136","April 21, 2023 at 05:28PM",2,2023-04-21,"How the Gender Debate Veered Off Track - The Atlantic",NA,"transgenderism","Friday",4,2023,"15658552694435684511","Observing the country&#39;s major divides on gender and <b>transgenderism</b>, I see an issue that is as disorienting for participants and observers as any&nbsp;..."
"137","April 21, 2023 at 06:58PM",2,2023-04-21,"How the Gender Debate Veered Offtrack - The Atlantic",NA,"gender ideology","Friday",4,2023,"8717893479030415655","We in the West are in the grip of an <b>ideology</b> that disowns our genius, denounces our success, disdains merit, elevates victimhood, embraces societal&nbsp;..."
"138","April 02, 2023 at 05:03PM",2,2023-04-02,"The Hogwarts Legacy Boycott That Wasn't - The Atlantic","all regions","biological sex","Sunday",4,2023,"17630397442231169432","... such as prisons and domestic-violence shelters, should be protected on the basis of <b>biological sex</b> rather than self-declared gender, and that&nbsp;..."
"139","January 22, 2023 at 04:05PM",1,2023-01-22,"The Culture Wars Look Different on Wikipedia - The Atlantic","all regions","gender identity","Sunday",1,2023,"14792114867614311782","The site is tackling more controversial edits, the results of which can reverberate across the internet."
"140","January 22, 2023 at 10:10PM",1,2023-01-22,"The Culture Wars Look Different on Wikipedia - The Atlantic","USA","gender identity","Sunday",1,2023,"4028362110021709687","The site is tackling more controversial edits, the results of which can reverberate across the internet."
